/*INSERTING INTO CUSTOMER_PROFILE TABLE*/

INSERT INTO CUSTOMER_PROFILE (CUST_ID, SSN, FIRST_NAME, LAST_NAME, "D.O.B", PHONE, GENDER, ZIP_CODE, STREET, CITY) VALUES ('1', '1234567890', 'Rohit', 'Akole', TO_DATE('1992-12-12 ', 'YYYY-MM-DD '), '4752257580', 'MALE', '06604', 'Atlantic', 'Bridgeport')
INSERT INTO CUSTOMER_PROFILE (CUST_ID, SSN, FIRST_NAME, LAST_NAME, "D.O.B", PHONE, GENDER, ZIP_CODE, STREET, CITY) VALUES ('2', '2345678910', 'Duhita', 'Dharma', TO_DATE('1994-01-09 ', 'YYYY-MM-DD '), '4752257680', 'FEMALE', '06604', 'RENNEL', 'Bridgeport')
INSERT INTO CUSTOMER_PROFILE (CUST_ID, SSN, FIRST_NAME, LAST_NAME, "D.O.B", PHONE, GENDER, ZIP_CODE, STREET, CITY) VALUES ('3', '3456789120', 'Rachna', 'Bharadwaj', TO_DATE('1992-03-01 ', 'YYYY-MM-DD '), '2035764965', 'FEMALE', '06603', 'MYRTLE', 'Bridgeport')
INSERT INTO CUSTOMER_PROFILE (CUST_ID, SSN, FIRST_NAME, LAST_NAME, "D.O.B", PHONE, GENDER, ZIP_CODE, STREET, CITY) VALUES ('4', '7894561230', 'Sunil', 'Dudhe', TO_DATE('1993-04-14 ', 'YYYY-MM-DD '), '2035761234', 'MALE', '06603', 'LINK', 'Fairfield')
INSERT INTO CUSTOMER_PROFILE (CUST_ID, SSN, FIRST_NAME, LAST_NAME, "D.O.B", PHONE, GENDER, ZIP_CODE, STREET, CITY) VALUES ('5', '9876543210', 'Dhaval', 'Bulsara', TO_DATE('1995-09-23 ', 'YYYY-MM-DD '), '2035034895', 'MALE', '06603', 'STATE', 'Fairfield')

/* INSERTING INTO EMPLOYEES*/

INSERT INTO EMPLOYEES (EMP_ID, EMPLOYEENAME, EMP_JOB_DESC, EMP_JOIN_DATE, SUBWAY_BRANCH_SUBWAY_ID) VALUES ('1001', 'SHASHANK', 'CASHIER', TO_DATE('2018-08-15 ', 'YYYY-MM-DD '), '101')
INSERT INTO EMPLOYEES (EMP_ID, EMPLOYEENAME, EMP_JOB_DESC, EMP_JOIN_DATE, SUBWAY_BRANCH_SUBWAY_ID) VALUES ('1002', 'RAJ', 'MANAGER', TO_DATE('2017-01-10 ', 'YYYY-MM-DD '), '101')
INSERT INTO EMPLOYEES (EMP_ID, EMPLOYEENAME, EMP_JOB_DESC, EMP_JOIN_DATE, SUBWAY_BRANCH_SUBWAY_ID) VALUES ('1003', 'KETAN', 'WAITER', TO_DATE('2017-01-10 ', 'YYYY-MM-DD '), '102')
INSERT INTO EMPLOYEES (EMP_ID, EMPLOYEENAME, EMP_JOB_DESC, EMP_JOIN_DATE, SUBWAY_BRANCH_SUBWAY_ID) VALUES ('1004', 'SAMUEL', 'SECURITY', TO_DATE('2017-01-13 ', 'YYYY-MM-DD '), '101')
INSERT INTO EMPLOYEES (EMP_ID, EMPLOYEENAME, EMP_JOB_DESC, EMP_JOIN_DATE, SUBWAY_BRANCH_SUBWAY_ID) VALUES ('1005', 'AMILA', 'MANAGER', TO_DATE('2018-12-16 ', 'YYYY-MM-DD '), '105')
INSERT INTO EMPLOYEES (EMP_ID, EMPLOYEENAME, EMP_JOB_DESC, EMP_JOIN_DATE, SUBWAY_BRANCH_SUBWAY_ID) VALUES ('1006', 'MAYANK', 'HELPER', TO_DATE('2018-08-26 ', 'YYYY-MM-DD '), '105')
INSERT INTO EMPLOYEES (EMP_ID, EMPLOYEENAME, EMP_JOB_DESC, EMP_JOIN_DATE, SUBWAY_BRANCH_SUBWAY_ID) VALUES ('1007', 'OLIVIA', 'HELPER', TO_DATE('2016-10-30 ', 'YYYY-MM-DD '), '104')
INSERT INTO EMPLOYEES (EMP_ID, EMPLOYEENAME, EMP_JOB_DESC, EMP_JOIN_DATE, SUBWAY_BRANCH_SUBWAY_ID) VALUES ('1008', 'NICK', 'HELPER', TO_DATE('2017-11-08 ', 'YYYY-MM-DD '), '103')
INSERT INTO EMPLOYEES (EMP_ID, EMPLOYEENAME, EMP_JOB_DESC, EMP_JOIN_DATE, SUBWAY_BRANCH_SUBWAY_ID) VALUES ('1009', 'SCHMITH', 'SECURITY', TO_DATE('2016-09-17 ', 'YYYY-MM-DD '), '103')
INSERT INTO EMPLOYEES (EMP_ID, EMPLOYEENAME, EMP_JOB_DESC, EMP_JOIN_DATE, SUBWAY_BRANCH_SUBWAY_ID) VALUES ('1010', 'KSHITIJ', 'WAITER', TO_DATE('2017-04-12 ', 'YYYY-MM-DD '), '102')

/* INSERTING INTO SUBWAY_BRANCH*/

INSERT INTO SUBWAY_BRANCH (SUBWAY_ID, SUBWAY_PRO_NAME, SUBWAY_STREET, SUBWAY_CITY, SUBWAY_ZIP, CUSTOMER_PROFILE_CUST_ID) VALUES ('101', 'ALPHA', 'MAIN', 'BRIDGEPORT', '06604', '1')
INSERT INTO SUBWAY_BRANCH (SUBWAY_ID, SUBWAY_PRO_NAME, SUBWAY_STREET, SUBWAY_CITY, SUBWAY_ZIP, CUSTOMER_PROFILE_CUST_ID) VALUES ('102', 'CATALYST', 'MAIN', 'BRIDGEPORT', '06604', '2')
INSERT INTO SUBWAY_BRANCH (SUBWAY_ID, SUBWAY_PRO_NAME, SUBWAY_STREET, SUBWAY_CITY, SUBWAY_ZIP, CUSTOMER_PROFILE_CUST_ID) VALUES ('103', 'MARKUS', 'STATE', 'FAIRFIELD', '06603', '1')
INSERT INTO SUBWAY_BRANCH (SUBWAY_ID, SUBWAY_PRO_NAME, SUBWAY_STREET, SUBWAY_CITY, SUBWAY_ZIP, CUSTOMER_PROFILE_CUST_ID) VALUES ('104', 'LEXUS', 'LINK', 'FAIRFIELD', '6603', '2')
INSERT INTO SUBWAY_BRANCH (SUBWAY_ID, SUBWAY_PRO_NAME, SUBWAY_STREET, SUBWAY_CITY, SUBWAY_ZIP, CUSTOMER_PROFILE_CUST_ID) VALUES ('105', 'MAX', 'RENNEL', 'BRIDGEPORT', '6604', '3')


/* INSERTING INTO DEPENDENTS */

INSERT INTO DEPENDENT (DEPENDENT_ID, DEPENDENT_FNAME, DEPENDENT_LNAME, DEPENDENT_RELATION, EMPLOYEES_EMP_ID, SUBWAY_BRANCH_ID) VALUES ('501', 'ASHISH', 'RAI', 'FRIEND', '1010', '102')
INSERT INTO DEPENDENT (DEPENDENT_ID, DEPENDENT_FNAME, DEPENDENT_LNAME, DEPENDENT_RELATION, EMPLOYEES_EMP_ID, SUBWAY_BRANCH_ID) VALUES ('502', 'NITIN', 'DHARMA', 'BROTHER', '1004', '101')
INSERT INTO DEPENDENT (DEPENDENT_ID, DEPENDENT_FNAME, DEPENDENT_LNAME, DEPENDENT_RELATION, EMPLOYEES_EMP_ID, SUBWAY_BRANCH_ID) VALUES ('503', 'RUTA', 'PANDEY', 'SISTER', '1008', '103')
INSERT INTO DEPENDENT (DEPENDENT_ID, DEPENDENT_FNAME, DEPENDENT_LNAME, DEPENDENT_RELATION, EMPLOYEES_EMP_ID, SUBWAY_BRANCH_ID) VALUES ('504', 'KETKI', 'KADAM', 'SISTER', '1001', '101')
INSERT INTO DEPENDENT (DEPENDENT_ID, DEPENDENT_FNAME, DEPENDENT_LNAME, DEPENDENT_RELATION, EMPLOYEES_EMP_ID, SUBWAY_BRANCH_ID) VALUES ('505', 'DANISH', 'JAIN', 'BROTHER', '1006', '105')

/* INSERTING INTO SALARY */

INSERT INTO SALARY (SALARY_ID, SALARY_AMOUNT, DATE_SALARY, EMPLOYEES_EMP_ID, SUBWAY_BRANCH_ID) VALUES ('901', '10000', TO_DATE('2018-01-30 ', 'YYYY-MM-DD '), '1001', '101')
INSERT INTO SALARY (SALARY_ID, SALARY_AMOUNT, DATE_SALARY, EMPLOYEES_EMP_ID, SUBWAY_BRANCH_ID) VALUES ('902', '25000', TO_DATE('2018-01-30 ', 'YYYY-MM-DD '), '1002', '101')
INSERT INTO SALARY (SALARY_ID, SALARY_AMOUNT, DATE_SALARY, EMPLOYEES_EMP_ID, SUBWAY_BRANCH_ID) VALUES ('903', '5000', TO_DATE('2018-01-15 ', 'YYYY-MM-DD '), '1003', '102')
INSERT INTO SALARY (SALARY_ID, SALARY_AMOUNT, DATE_SALARY, EMPLOYEES_EMP_ID, SUBWAY_BRANCH_ID) VALUES ('904', '5000', TO_DATE('2018-01-15 ', 'YYYY-MM-DD '), '1004', '101')
INSERT INTO SALARY (SALARY_ID, SALARY_AMOUNT, DATE_SALARY, EMPLOYEES_EMP_ID, SUBWAY_BRANCH_ID) VALUES ('905', '25000', TO_DATE('2018-01-30 ', 'YYYY-MM-DD '), '1005', '105')
INSERT INTO SALARY (SALARY_ID, SALARY_AMOUNT, DATE_SALARY, EMPLOYEES_EMP_ID, SUBWAY_BRANCH_ID) VALUES ('906', '8000', TO_DATE('2018-01-07 ', 'YYYY-MM-DD '), '1006', '105')
INSERT INTO SALARY (SALARY_ID, SALARY_AMOUNT, DATE_SALARY, EMPLOYEES_EMP_ID, SUBWAY_BRANCH_ID) VALUES ('907', '8000', TO_DATE('2018-01-07 ', 'YYYY-MM-DD '), '1007', '104')
INSERT INTO SALARY (SALARY_ID, SALARY_AMOUNT, DATE_SALARY, EMPLOYEES_EMP_ID, SUBWAY_BRANCH_ID) VALUES ('908', '8000', TO_DATE('2018-01-07 ', 'YYYY-MM-DD '), '1008', '103')
INSERT INTO SALARY (SALARY_ID, SALARY_AMOUNT, DATE_SALARY, EMPLOYEES_EMP_ID, SUBWAY_BRANCH_ID) VALUES ('909', '5000', TO_DATE('2018-01-15 ', 'YYYY-MM-DD '), '1009', '103')
INSERT INTO SALARY (SALARY_ID, SALARY_AMOUNT, DATE_SALARY, EMPLOYEES_EMP_ID, SUBWAY_BRANCH_ID) VALUES ('910', '5000', TO_DATE('2018-01-15 ', 'YYYY-MM-DD '), '1010', '102')


/* INSERTING INTO MENU */

INSERT INTO MENU (ITEM_NO, ITEM_NAME, ITEM_DESCRIPTION, ITEM_COST, SUBWAY_BRANCH_SUBWAY_ID) VALUES ('010', 'ROACHIC', 'BBQCHIC', '10', '101')
INSERT INTO MENU (ITEM_NO, ITEM_NAME, ITEM_DESCRIPTION, ITEM_COST, SUBWAY_BRANCH_SUBWAY_ID) VALUES ('011', 'PANEER', 'TTOFU', '8', '101')
INSERT INTO MENU (ITEM_NO, ITEM_NAME, ITEM_DESCRIPTION, ITEM_COST, SUBWAY_BRANCH_SUBWAY_ID) VALUES ('012', 'MEATBALL', 'BEEF', '6', '103')
INSERT INTO MENU (ITEM_NO, ITEM_NAME, ITEM_DESCRIPTION, ITEM_COST, SUBWAY_BRANCH_SUBWAY_ID) VALUES ('013', 'BLCK_FOR', 'ICECREAM', '5', '104')
INSERT INTO MENU (ITEM_NO, ITEM_NAME, ITEM_DESCRIPTION, ITEM_COST, SUBWAY_BRANCH_SUBWAY_ID) VALUES ('014', 'FILET', 'FISH', '7', '103')
INSERT INTO MENU (ITEM_NO, ITEM_NAME, ITEM_DESCRIPTION, ITEM_COST, SUBWAY_BRANCH_SUBWAY_ID) VALUES ('015', 'CHIC_TIK', 'CHICKTIKKA', '8', '102')
INSERT INTO MENU (ITEM_NO, ITEM_NAME, ITEM_DESCRIPTION, ITEM_COST, SUBWAY_BRANCH_SUBWAY_ID) VALUES ('016', 'FARM', 'VEGETABLE', '12', '105')


/* INSERTING INTO PRODUCTY_ORDER */

INSERT INTO PRODUCT_ORDER (ORDER_NUMBER, ORDER_DATE, PRICE, TO_STREET, TO_ZIP, TO_CITY, MENU_ITEM_NO, SUBWAY_ID) VALUES ('10', TO_DATE('2018-04-10 ', 'YYYY-MM-DD '), '10', 'MAIN', '06604', 'BRIDGEPORT', '10', '101')
INSERT INTO PRODUCT_ORDER (ORDER_NUMBER, ORDER_DATE, PRICE, TO_STREET, TO_ZIP, TO_CITY, MENU_ITEM_NO, SUBWAY_ID) VALUES ('11', TO_DATE('2018-04-11 ', 'YYYY-MM-DD '), '10', 'RENNEL', '06603', 'FAIRFIELD', '10', '101')
INSERT INTO PRODUCT_ORDER (ORDER_NUMBER, ORDER_DATE, PRICE, TO_STREET, TO_ZIP, TO_CITY, MENU_ITEM_NO, SUBWAY_ID) VALUES ('12', TO_DATE('2018-04-11 ', 'YYYY-MM-DD '), '6', 'RENNEL', '06603', 'FAIRFIELD', '12', '103')
INSERT INTO PRODUCT_ORDER (ORDER_NUMBER, ORDER_DATE, PRICE, TO_STREET, TO_ZIP, TO_CITY, MENU_ITEM_NO, SUBWAY_ID) VALUES ('13', TO_DATE('2018-04-11 ', 'YYYY-MM-DD '), '7', 'MAIN', '06604', 'BRIDGEPORT', '14', '103')
INSERT INTO PRODUCT_ORDER (ORDER_NUMBER, ORDER_DATE, PRICE, TO_STREET, TO_ZIP, TO_CITY, MENU_ITEM_NO, SUBWAY_ID) VALUES ('14', TO_DATE('2018-04-12 ', 'YYYY-MM-DD '), '12', 'STATE', '06604', 'BRIDGEPORT', '16', '105')

/* INSERTING INTO BILL */


INSERT INTO BILL_DETAILS (BILL_NO, PAYMENT_TYPE, DELIVERY_MODE_ID) VALUES ('1', 'CARD', '201')
INSERT INTO BILL_DETAILS (BILL_NO, PAYMENT_TYPE, DELIVERY_MODE_ID) VALUES ('2', 'CARD', '202')
INSERT INTO BILL_DETAILS (BILL_NO, PAYMENT_TYPE, DELIVERY_MODE_ID) VALUES ('3', 'CASH', '204')
INSERT INTO BILL_DETAILS (BILL_NO, PAYMENT_TYPE, DELIVERY_MODE_ID) VALUES ('4', 'CARD', '203')
INSERT INTO BILL_DETAILS (BILL_NO, PAYMENT_TYPE, DELIVERY_MODE_ID) VALUES ('5', 'WIRED', '205')


/* INSERTING INTO DELIVERY_MODE */

INSERT INTO DELIVERY_MODE (DELIVERY_MODE_ID, DELIVERY_TYPE, DELIVERY_STATUS, ORDER_NUMBER) VALUES ('201', 'TAKE-AWAY', 'DONE', '10')
INSERT INTO DELIVERY_MODE (DELIVERY_MODE_ID, DELIVERY_TYPE, DELIVERY_STATUS, ORDER_NUMBER) VALUES ('203', 'UBER-EATS', 'DONE', '12')
INSERT INTO DELIVERY_MODE (DELIVERY_MODE_ID, DELIVERY_TYPE, DELIVERY_STATUS, ORDER_NUMBER) VALUES ('204', 'TAKE-AWAY', 'DONE', '13')
INSERT INTO DELIVERY_MODE (DELIVERY_MODE_ID, DELIVERY_TYPE, DELIVERY_STATUS, ORDER_NUMBER) VALUES ('205', 'HOME-DEL', 'NOPE', '14')
INSERT INTO DELIVERY_MODE (DELIVERY_MODE_ID, DELIVERY_TYPE, DELIVERY_STATUS, ORDER_NUMBER) VALUES ('202', 'HOME-DEL', 'DONE', '11')

/* INSERTING INTO REVIEWS */

INSERT INTO REVIEWS (REVIEW_NUMBER, FEEDBACK, RATINGS_STARS, SEARCH_COUNT, CUSTOMER_PROFILE_CUST_ID, REF_SUB_ID) VALUES ('2001', 'GOOD', '3.5', '9', '1', '101');
INSERT INTO REVIEWS (REVIEW_NUMBER, FEEDBACK, RATINGS_STARS, SEARCH_COUNT, CUSTOMER_PROFILE_CUST_ID, REF_SUB_ID) VALUES ('2002', 'EXCELLENT', '5', '15', '2', '102');
INSERT INTO REVIEWS (REVIEW_NUMBER, FEEDBACK, RATINGS_STARS, SEARCH_COUNT, CUSTOMER_PROFILE_CUST_ID, REF_SUB_ID) VALUES ('2003', 'BAD', '1', '2', '3', '101');
INSERT INTO REVIEWS (REVIEW_NUMBER, FEEDBACK, RATINGS_STARS, SEARCH_COUNT, CUSTOMER_PROFILE_CUST_ID, REF_SUB_ID) VALUES ('2004', 'V.GOOD', '4', '13', '4', '103');
INSERT INTO REVIEWS (REVIEW_NUMBER, FEEDBACK, RATINGS_STARS, SEARCH_COUNT, CUSTOMER_PROFILE_CUST_ID, REF_SUB_ID) VALUES ('2005', 'BAD', '1', '3', '5', '104');
INSERT INTO REVIEWS (REVIEW_NUMBER, FEEDBACK, RATINGS_STARS, SEARCH_COUNT, CUSTOMER_PROFILE_CUST_ID, REF_SUB_ID) VALUES ('2006', 'EXCELLENT', '5', '15', '2', '102');
